account,relationship,company,source,note
ACCENTURE INC - PH,subsidiary,Accenture,"merged company hierarchy (client, 7 Oct)",
ACCENTURE INC - PH,subsidiary,Accenture PLC.,"merged company hierarchy (client, 7 Oct)",
ACCENTURE INC - PH,subsidiary,Accenture Sustainability Days,"merged company hierarchy (client, 7 Oct)",
ACCENTURE INC - PH,subsidiary,Accenturefederal,"merged company hierarchy (client, 7 Oct)",
ACCENTURE INC - PH,subsidiary,"Adaptly, Inc.","merged company hierarchy (client, 7 Oct)",
ACCENTURE INC - PH,subsidiary,Afdtech,"merged company hierarchy (client, 7 Oct)",
ACCENTURE INC - PH,subsidiary,AFS,"merged company hierarchy (client, 7 Oct)",
ACCENTURE INC - PH,subsidiary,"Aidemy, Inc.","merged company hierarchy (client, 7 Oct)",
ACCENTURE INC - PH,subsidiary,Altima,"merged company hierarchy (client, 7 Oct)",
ACCENTURE INC - PH,subsidiary,Aristal Solutions Sdn Bhd,"merged company hierarchy (client, 7 Oct)",
ACCENTURE INC - PH,subsidiary,ARZ Allgemeines Rechenzentrum GmbH,"merged company hierarchy (client, 7 Oct)",
ACCENTURE INC - PH,subsidiary,Avanade Inc.,"merged company hierarchy (client, 7 Oct)",
ACCENTURE INC - PH,subsidiary,Award Solutions,"merged company hierarchy (client, 7 Oct)",
ACCENTURE INC - PH,subsidiary,Axis Corporate,"merged company hierarchy (client, 7 Oct)",
ACCENTURE INC - PH,subsidiary,Boomerang,"merged company hierarchy (client, 7 Oct)",
ACCENTURE INC - PH,subsidiary,BOSLAN,"merged company hierarchy (client, 7 Oct)",
ACCENTURE INC - PH,subsidiary,Cientra Techsolution Pvt. Ltd.,"merged company hierarchy (client, 7 Oct)",
ACCENTURE INC - PH,subsidiary,"Clarity Solution Group, LLC","merged company hierarchy (client, 7 Oct)",
ACCENTURE INC - PH,subsidiary,Climb Net,"merged company hierarchy (client, 7 Oct)",
ACCENTURE INC - PH,subsidiary,Consus,"merged company hierarchy (client, 7 Oct)",
ACCENTURE INC - PH,subsidiary,CyberCX,"merged company hierarchy (client, 7 Oct)",
ACCENTURE INC - PH,subsidiary,CyberCX NZ Ltd,"merged company hierarchy (client, 7 Oct)",
ACCENTURE INC - PH,subsidiary,CyberCX Pty Ltd,"merged company hierarchy (client, 7 Oct)",
ACCENTURE INC - PH,subsidiary,Davies Consulting LLC,"merged company hierarchy (client, 7 Oct)",
ACCENTURE INC - PH,subsidiary,Decho,"merged company hierarchy (client, 7 Oct)",
ACCENTURE INC - PH,subsidiary,"Defense Point Security, LLC","merged company hierarchy (client, 7 Oct)",
ACCENTURE INC - PH,subsidiary,"Droga5, LLC.","merged company hierarchy (client, 7 Oct)",
ACCENTURE INC - PH,subsidiary,Entropia Group,"merged company hierarchy (client, 7 Oct)",
ACCENTURE INC - PH,subsidiary,Excelmax Technologies,"merged company hierarchy (client, 7 Oct)",
ACCENTURE INC - PH,subsidiary,Faculty,"merged company hierarchy (client, 7 Oct)",
ACCENTURE INC - PH,subsidiary,Fjordnet Limited,"merged company hierarchy (client, 7 Oct)",
ACCENTURE INC - PH,subsidiary,Gevity Consulting Inc.,"merged company hierarchy (client, 7 Oct)",
ACCENTURE INC - PH,subsidiary,IAMConcepts Security Solutions Inc,"merged company hierarchy (client, 7 Oct)",
ACCENTURE INC - PH,subsidiary,"Imaginea Technologies, Inc.","merged company hierarchy (client, 7 Oct)",
ACCENTURE INC - PH,subsidiary,Joshua Tree Group,"merged company hierarchy (client, 7 Oct)",
ACCENTURE INC - PH,subsidiary,Kaplan,"merged company hierarchy (client, 7 Oct)",
ACCENTURE INC - PH,subsidiary,"Logic Information Systems, Inc.","merged company hierarchy (client, 7 Oct)",
ACCENTURE INC - PH,subsidiary,Maglangroup,"merged company hierarchy (client, 7 Oct)",
ACCENTURE INC - PH,subsidiary,"Maryville Data Systems, Inc.","merged company hierarchy (client, 7 Oct)",
ACCENTURE INC - PH,subsidiary,Mindcurv Group,"merged company hierarchy (client, 7 Oct)",
ACCENTURE INC - PH,subsidiary,Momentum ITSMA,"merged company hierarchy (client, 7 Oct)",
ACCENTURE INC - PH,subsidiary,MomentumABM Inc,"merged company hierarchy (client, 7 Oct)",
ACCENTURE INC - PH,subsidiary,Mortgage Cadence,"merged company hierarchy (client, 7 Oct)",
ACCENTURE INC - PH,subsidiary,"NeuraFlash, LLC","merged company hierarchy (client, 7 Oct)",
ACCENTURE INC - PH,subsidiary,PercipientCX,"merged company hierarchy (client, 7 Oct)",
ACCENTURE INC - PH,subsidiary,RANGR Data,"merged company hierarchy (client, 7 Oct)",
ACCENTURE INC - PH,subsidiary,Sentor Managed Security Services AB,"merged company hierarchy (client, 7 Oct)",
ACCENTURE INC - PH,subsidiary,ServiceNow,"merged company hierarchy (client, 7 Oct)",
ACCENTURE INC - PH,subsidiary,SinnerSchrader Group,"merged company hierarchy (client, 7 Oct)",
ACCENTURE INC - PH,subsidiary,Soko,"merged company hierarchy (client, 7 Oct)",
ACCENTURE INC - PH,subsidiary,Solnet Group,"merged company hierarchy (client, 7 Oct)",
ACCENTURE INC - PH,subsidiary,Staufen,"merged company hierarchy (client, 7 Oct)",
ACCENTURE INC - PH,subsidiary,Superdigital,"merged company hierarchy (client, 7 Oct)",
ACCENTURE INC - PH,subsidiary,Tecnilógica,"merged company hierarchy (client, 7 Oct)",
ACCENTURE INC - PH,subsidiary,The Highlands Consulting Group,"merged company hierarchy (client, 7 Oct)",
ACCENTURE INC - PH,subsidiary,"True North Solutions, Inc.","merged company hierarchy (client, 7 Oct)",
ACCENTURE INC - PH,subsidiary,Udacity,"merged company hierarchy (client, 7 Oct)",
ACCENTURE INC - PH,subsidiary,Umlaut Inc.,"merged company hierarchy (client, 7 Oct)",
ACCENTURE INC - PH,subsidiary,Unlimited Group,"merged company hierarchy (client, 7 Oct)",
ACCENTURE INC - PH,subsidiary,Verum Partners,"merged company hierarchy (client, 7 Oct)",
ACCENTURE INC - PH,subsidiary,"Yesler, Inc.","merged company hierarchy (client, 7 Oct)",
ACCENTURE INC - PH,subsidiary,Zestgroup BV,"merged company hierarchy (client, 7 Oct)",
ANZ HOLDINGS (NEW ZEALAND) LIMITED - NZ,parent,Australia and New Zealand Banking Group,"merged company hierarchy (client, 7 Oct)",
ANZ HOLDINGS (NEW ZEALAND) LIMITED - NZ,subsidiary,ANZ Bank New Zealand Limited,"merged company hierarchy (client, 7 Oct)",
ANZ HOLDINGS (NEW ZEALAND) LIMITED - NZ,subsidiary,ANZ Centre,"merged company hierarchy (client, 7 Oct)",
ANZ HOLDINGS (NEW ZEALAND) LIMITED - NZ,subsidiary,ANZ Direct,"merged company hierarchy (client, 7 Oct)",
ANZ HOLDINGS (NEW ZEALAND) LIMITED - NZ,subsidiary,ANZ Premiership,"merged company hierarchy (client, 7 Oct)",
ANZ HOLDINGS (NEW ZEALAND) LIMITED - NZ,subsidiary,Tranzliquid,"merged company hierarchy (client, 7 Oct)",
ASB HOLDINGS LIMITED - NZ,parent,CBA,"merged company hierarchy (client, 7 Oct)",
ASB HOLDINGS LIMITED - NZ,subsidiary,ASB Classic,"merged company hierarchy (client, 7 Oct)",
ASB HOLDINGS LIMITED - NZ,subsidiary,ASB Polyfest,"merged company hierarchy (client, 7 Oct)",
AUSTRALIAN SUBMARINE CORPORATION [ASC] - AU,subsidiary,ASC Social Club Pty Ltd.,"merged company hierarchy (client, 7 Oct)",
AUSTRALIAN SUBMARINE CORPORATION [ASC] - AU,subsidiary,Directory,"merged company hierarchy (client, 7 Oct)",
BANK FOR AGRICULTURE AND AGRICULTURAL COOPERATIVE - TH,parent,"Ministry of Finance, Thailand","parent-company mapping (client, 7 Oct)",State-owned bank; 99.79% owned by the Thai Ministry of Finance.
BHP BILLITON - AU,parent,BHP Group Limited,"parent-company mapping (client, 7 Oct)",Ultimate parent company; renamed to BHP Group Limited.
BUNNINGS GROUP LIMITED,parent,wesfarmers,"merged company hierarchy (client, 7 Oct)",
BUNNINGS GROUP LIMITED,subsidiary,Beaumont Tiles,"merged company hierarchy (client, 7 Oct)",
CHAROEN POKPHAND GROUP CO LTD - TH,parent,Chearavanont Family / CP Group Holding,"parent-company mapping (client, 7 Oct)","Ultimate parent conglomerate. PT Charoen Pokphand Indonesia is a subsidiary, not a parent."
CJ GROUP - KR,subsidiary,Batavia Biosciences Inc.,"merged company hierarchy (client, 7 Oct)",
CJ GROUP - KR,subsidiary,CJ Bio,"merged company hierarchy (client, 7 Oct)",
CJ GROUP - KR,subsidiary,Cj Cheiljedang Corp.,"merged company hierarchy (client, 7 Oct)",
CJ GROUP - KR,subsidiary,Schwan's Co.,"merged company hierarchy (client, 7 Oct)",
CJ GROUP - KR,subsidiary,Schwan's Company,"merged company hierarchy (client, 7 Oct)",
DEPARTMENT FOR EDUCATION SA - AU,subsidiary,Outreach Education,"merged company hierarchy (client, 7 Oct)",
DEPARTMENT OF EDUCATION - PH,subsidiary,2048 Topic Listing Center,"merged company hierarchy (client, 7 Oct)",
DEPARTMENT OF EDUCATION - PH,subsidiary,DepEd Bais City,"merged company hierarchy (client, 7 Oct)",
DEPARTMENT OF EDUCATION - PH,subsidiary,DepEd Cabuyao,"merged company hierarchy (client, 7 Oct)",
DEPARTMENT OF EDUCATION - PH,subsidiary,Deped Calabarzon,"merged company hierarchy (client, 7 Oct)",
DEPARTMENT OF EDUCATION - PH,subsidiary,DepEd Dasma,"merged company hierarchy (client, 7 Oct)",
DEPARTMENT OF EDUCATION - PH,subsidiary,DepEd Guihulngan,"merged company hierarchy (client, 7 Oct)",
DEPARTMENT OF EDUCATION - PH,subsidiary,DepEd Kalinga,"merged company hierarchy (client, 7 Oct)",
DEPARTMENT OF EDUCATION - PH,subsidiary,Deped Makati,"merged company hierarchy (client, 7 Oct)",
DEPARTMENT OF EDUCATION - PH,subsidiary,DepEd Mandaue,"merged company hierarchy (client, 7 Oct)",
DEPARTMENT OF EDUCATION - PH,subsidiary,DepEd MIMAROPA Region,"merged company hierarchy (client, 7 Oct)",
DEPARTMENT OF EDUCATION - PH,subsidiary,DepEd Naga,"merged company hierarchy (client, 7 Oct)",
DEPARTMENT OF EDUCATION - PH,subsidiary,DepEd NCR,"merged company hierarchy (client, 7 Oct)",
DEPARTMENT OF EDUCATION - PH,subsidiary,Deped Nv,"merged company hierarchy (client, 7 Oct)",
DEPARTMENT OF EDUCATION - PH,subsidiary,DepEd Quezon,"merged company hierarchy (client, 7 Oct)",
DEPARTMENT OF EDUCATION - PH,subsidiary,DepEd RO XI,"merged company hierarchy (client, 7 Oct)",
DEPARTMENT OF EDUCATION - PH,subsidiary,Deped Sorsogon,"merged company hierarchy (client, 7 Oct)",
DEPARTMENT OF EDUCATION - PH,subsidiary,DepEd-Bayawan City ICT Service,"merged company hierarchy (client, 7 Oct)",
DEPARTMENT OF EDUCATION - PH,subsidiary,Depedimuscity,"merged company hierarchy (client, 7 Oct)",
DEPARTMENT OF EDUCATION - PH,subsidiary,Depedlapulapu,"merged company hierarchy (client, 7 Oct)",
DEPARTMENT OF EDUCATION - PH,subsidiary,Depedlaspinas,"merged company hierarchy (client, 7 Oct)",
DEPARTMENT OF EDUCATION - PH,subsidiary,Depedmalaboncity,"merged company hierarchy (client, 7 Oct)",
DEPARTMENT OF EDUCATION - PH,subsidiary,Depedmarikina,"merged company hierarchy (client, 7 Oct)",
DEPARTMENT OF EDUCATION - PH,subsidiary,Depedpasay,"merged company hierarchy (client, 7 Oct)",
DEPARTMENT OF EDUCATION - PH,subsidiary,depedpasig,"merged company hierarchy (client, 7 Oct)",
DEPARTMENT OF EDUCATION - PH,subsidiary,Navotas,"merged company hierarchy (client, 7 Oct)",
DEPARTMENT OF EDUCATION - PH,subsidiary,Rizal,"merged company hierarchy (client, 7 Oct)",
DEPARTMENT OF EDUCATION - PH,subsidiary,SDO Cagayan,"merged company hierarchy (client, 7 Oct)",
DEPARTMENT OF HEALTH AND HUMAN SERVICES (VICTORIA) - AU,subsidiary,Ambulance,"merged company hierarchy (client, 7 Oct)",
DEPARTMENT OF HEALTH AND HUMAN SERVICES (VICTORIA) - AU,subsidiary,Better Health,"merged company hierarchy (client, 7 Oct)",
DEPARTMENT OF HEALTH AND HUMAN SERVICES (VICTORIA) - AU,subsidiary,Hazelwood Health Study,"merged company hierarchy (client, 7 Oct)",
DEPARTMENT OF HEALTH AND HUMAN SERVICES (VICTORIA) - AU,subsidiary,Health Collect,"merged company hierarchy (client, 7 Oct)",
DEPARTMENT OF HEALTH AND HUMAN SERVICES (VICTORIA) - AU,subsidiary,Health Translations,"merged company hierarchy (client, 7 Oct)",
DEPARTMENT OF HEALTH AND HUMAN SERVICES (VICTORIA) - AU,subsidiary,Monash Health,"merged company hierarchy (client, 7 Oct)",
DEPARTMENT OF HEALTH AND HUMAN SERVICES (VICTORIA) - AU,subsidiary,Safer Care Victoria,"merged company hierarchy (client, 7 Oct)",
DEPARTMENT OF HEALTH AND HUMAN SERVICES (VICTORIA) - AU,subsidiary,VAHI,"merged company hierarchy (client, 7 Oct)",
DEPT OF DEFENCE - FED - AU,subsidiary,Australian Signals Directorate,"merged company hierarchy (client, 7 Oct)",
DEPT OF DEFENCE - FED - AU,subsidiary,Defence Finance Pty.,"merged company hierarchy (client, 7 Oct)",
DEPT OF DEFENCE - FED - AU,subsidiary,Defence Industry,"merged company hierarchy (client, 7 Oct)",
DEPT OF DEFENCE - FED - AU,subsidiary,Defence Innovations,"merged company hierarchy (client, 7 Oct)",
DEPT OF DEFENCE - FED - AU,subsidiary,Defence Jobs,"merged company hierarchy (client, 7 Oct)",
DEPT OF DEFENCE - FED - AU,subsidiary,Defence Youth,"merged company hierarchy (client, 7 Oct)",
DEPT OF DEFENCE - FED - AU,subsidiary,Defenceconsultant,"merged company hierarchy (client, 7 Oct)",
DEPT OF DEFENCE - FED - AU,subsidiary,Defenceuwa,"merged company hierarchy (client, 7 Oct)",
EAST JAPAN RAILWAY COMPANY - JP,subsidiary,Decorum Vending,"merged company hierarchy (client, 7 Oct)",
ERNST&YOUNG - PH,subsidiary,CogniStreamer,"merged company hierarchy (client, 7 Oct)",
ERNST&YOUNG - PH,subsidiary,Ey,"merged company hierarchy (client, 7 Oct)",
ERNST&YOUNG - PH,subsidiary,EY Career Center,"merged company hierarchy (client, 7 Oct)",
ERNST&YOUNG - PH,subsidiary,Fabernovel,"merged company hierarchy (client, 7 Oct)",
ERNST&YOUNG - PH,subsidiary,Intuitive Company,"merged company hierarchy (client, 7 Oct)",
ERNST&YOUNG - PH,subsidiary,Qiado GmbH,"merged company hierarchy (client, 7 Oct)",
ERNST&YOUNG - PH,subsidiary,Skye,"merged company hierarchy (client, 7 Oct)",
ERNST&YOUNG - PH,subsidiary,VODW,"merged company hierarchy (client, 7 Oct)",
ERNST&YOUNG - PH,subsidiary,Zilker Technology LLC,"merged company hierarchy (client, 7 Oct)",
EXL SERVICE PHILIPPINES - PH,subsidiary,Exlindia,"merged company hierarchy (client, 7 Oct)",
FONTERRA CO-OPERATIVE GROUP LIMITED - NZ,subsidiary,Dairy Country,"merged company hierarchy (client, 7 Oct)",
GOVERNMENT TECHNOLOGY AGENCY OF SINGAPORE - SG,subsidiary,SG Women In Tech,"merged company hierarchy (client, 7 Oct)",
HEALTHSCOPE - AU,parent,Brookfield Asset Management (via Brookfield Business Partners),"parent-company mapping (client, 7 Oct)",Acquired by Brookfield in 2019.
HKMC GROUP(HYUNDAI AUTOEVER) - KR,subsidiary,"Hyundai AutoEver America, LLC","merged company hierarchy (client, 7 Oct)",
HKMC GROUP(HYUNDAI AUTOEVER) - KR,subsidiary,Hyundai AutoEver Europe GmbH,"merged company hierarchy (client, 7 Oct)",
"IDEMITSU KOSAN CO.,LTD. - JP",subsidiary,Idemitsu,"merged company hierarchy (client, 7 Oct)",
"IDEMITSU KOSAN CO.,LTD. - JP",subsidiary,Idemitsu Americas Holdings Corporation,"merged company hierarchy (client, 7 Oct)",
"IDEMITSU KOSAN CO.,LTD. - JP",subsidiary,Idemitsu Australia Pty Ltd,"merged company hierarchy (client, 7 Oct)",
"IDEMITSU KOSAN CO.,LTD. - JP",subsidiary,Idemitsu Lb,"merged company hierarchy (client, 7 Oct)",
"IDEMITSU KOSAN CO.,LTD. - JP",subsidiary,Idemitsu Lubricants America Co.,"merged company hierarchy (client, 7 Oct)",
"IDEMITSU KOSAN CO.,LTD. - JP",subsidiary,Idemitsu Museum,"merged company hierarchy (client, 7 Oct)",
"IDEMITSU KOSAN CO.,LTD. - JP",subsidiary,Idemitsu Renewables,"merged company hierarchy (client, 7 Oct)",
"IDEMITSU KOSAN CO.,LTD. - JP",subsidiary,Idemitsucard,"merged company hierarchy (client, 7 Oct)",
ISUZU MOTORS LIMITED - JP,subsidiary,UD Trucks,"merged company hierarchy (client, 7 Oct)",
ISUZU MOTORS LIMITED - JP,subsidiary,いすゞ自動車東北（株）,"merged company hierarchy (client, 7 Oct)",
"JAPAN POST HOLDINGS CO.,LTD. - JP",subsidiary,Toll Group,"merged company hierarchy (client, 7 Oct)",
KANSAI ELECTRIC POWER COMPANY - JP,subsidiary,"Kansai Transmission And Distribution, Inc.","merged company hierarchy (client, 7 Oct)",
KANSAI ELECTRIC POWER COMPANY - JP,subsidiary,Nextpower Kepco,"merged company hierarchy (client, 7 Oct)",
KANSAI ELECTRIC POWER COMPANY - JP,subsidiary,OPTAGE Inc.,"merged company hierarchy (client, 7 Oct)",
KUOK (SINGAPORE) LIMITED - SG,parent,Kuok Group,"merged company hierarchy (client, 7 Oct)",
KUOK (SINGAPORE) LIMITED - SG,subsidiary,Kuok Maritime Group,"merged company hierarchy (client, 7 Oct)",
LEMBAGA HASIL DALAM NEGERI - MY,parent,Treasury,"merged company hierarchy (client, 7 Oct)",
LEMBAGA HASIL DALAM NEGERI - MY,subsidiary,hasilnet,"merged company hierarchy (client, 7 Oct)",
LOTTE GROUP - KR,parent,Lotte Auto Global,"merged company hierarchy (client, 7 Oct)",
LOTTE GROUP - KR,subsidiary,Lotte Chemical Corp.,"merged company hierarchy (client, 7 Oct)",
LOTTE GROUP - KR,subsidiary,Lotte Chilsung Beverage Co.,"merged company hierarchy (client, 7 Oct)",
LOTTE GROUP - KR,subsidiary,Lotte Wellfood Co.,"merged company hierarchy (client, 7 Oct)",
MAZDA MOTOR CORPORATION - JP,subsidiary,Changan Mazda,"merged company hierarchy (client, 7 Oct)",
MAZDA MOTOR CORPORATION - JP,subsidiary,GasanZammit Motors Ltd.,"merged company hierarchy (client, 7 Oct)",
MAZDA MOTOR CORPORATION - JP,subsidiary,Hokuriku Mazda,"merged company hierarchy (client, 7 Oct)",
MAZDA MOTOR CORPORATION - JP,subsidiary,Hong Kong Limited.,"merged company hierarchy (client, 7 Oct)",
MAZDA MOTOR CORPORATION - JP,subsidiary,Kitakanto Mazda,"merged company hierarchy (client, 7 Oct)",
MAZDA MOTOR CORPORATION - JP,subsidiary,Matsusaka Mazda,"merged company hierarchy (client, 7 Oct)",
MAZDA MOTOR CORPORATION - JP,subsidiary,Mazda,"merged company hierarchy (client, 7 Oct)",
MAZDA MOTOR CORPORATION - JP,subsidiary,Mazda (Suisse) SA,"merged company hierarchy (client, 7 Oct)",
MAZDA MOTOR CORPORATION - JP,subsidiary,Mazda Ace,"merged company hierarchy (client, 7 Oct)",
MAZDA MOTOR CORPORATION - JP,subsidiary,Mazda Ace Co.,"merged company hierarchy (client, 7 Oct)",
MAZDA MOTOR CORPORATION - JP,subsidiary,Mazda Angola Autozuid,"merged company hierarchy (client, 7 Oct)",
MAZDA MOTOR CORPORATION - JP,subsidiary,Mazda Austria GmbH,"merged company hierarchy (client, 7 Oct)",
MAZDA MOTOR CORPORATION - JP,subsidiary,Mazda Azerbaijan,"merged company hierarchy (client, 7 Oct)",
MAZDA MOTOR CORPORATION - JP,subsidiary,Mazda Canada Inc.,"merged company hierarchy (client, 7 Oct)",
MAZDA MOTOR CORPORATION - JP,subsidiary,Mazda Chuhan,"merged company hierarchy (client, 7 Oct)",
MAZDA MOTOR CORPORATION - JP,subsidiary,Mazda Corporation,"merged company hierarchy (client, 7 Oct)",
MAZDA MOTOR CORPORATION - JP,subsidiary,Mazda Egypt,"merged company hierarchy (client, 7 Oct)",
MAZDA MOTOR CORPORATION - JP,subsidiary,Mazda Enfini Yw,"merged company hierarchy (client, 7 Oct)",
MAZDA MOTOR CORPORATION - JP,subsidiary,"Mazda Engineering & Technology Co., LTD.","merged company hierarchy (client, 7 Oct)",
MAZDA MOTOR CORPORATION - JP,subsidiary,Mazda Fan,"merged company hierarchy (client, 7 Oct)",
MAZDA MOTOR CORPORATION - JP,subsidiary,Mazda Fiji,"merged company hierarchy (client, 7 Oct)",
MAZDA MOTOR CORPORATION - JP,subsidiary,Mazda Guatemala,"merged company hierarchy (client, 7 Oct)",
MAZDA MOTOR CORPORATION - JP,subsidiary,Mazda Guyane,"merged company hierarchy (client, 7 Oct)",
MAZDA MOTOR CORPORATION - JP,subsidiary,Mazda Jordan,"merged company hierarchy (client, 7 Oct)",
MAZDA MOTOR CORPORATION - JP,subsidiary,Mazda Kuwait,"merged company hierarchy (client, 7 Oct)",
MAZDA MOTOR CORPORATION - JP,subsidiary,Mazda Laos,"merged company hierarchy (client, 7 Oct)",
MAZDA MOTOR CORPORATION - JP,subsidiary,Mazda Lebanon,"merged company hierarchy (client, 7 Oct)",
MAZDA MOTOR CORPORATION - JP,subsidiary,Mazda Logi,"merged company hierarchy (client, 7 Oct)",
MAZDA MOTOR CORPORATION - JP,subsidiary,Mazda Ma,"merged company hierarchy (client, 7 Oct)",
MAZDA MOTOR CORPORATION - JP,subsidiary,Mazda Motor Corp.,"merged company hierarchy (client, 7 Oct)",
MAZDA MOTOR CORPORATION - JP,subsidiary,Mazda Motor Europe GmbH,"merged company hierarchy (client, 7 Oct)",
MAZDA MOTOR CORPORATION - JP,subsidiary,Mazda Motor Nederland,"merged company hierarchy (client, 7 Oct)",
MAZDA MOTOR CORPORATION - JP,subsidiary,Mazda Motors (Deutschland) GmbH,"merged company hierarchy (client, 7 Oct)",
MAZDA MOTOR CORPORATION - JP,subsidiary,Mazda Motors Ireland Limited,"merged company hierarchy (client, 7 Oct)",
MAZDA MOTOR CORPORATION - JP,subsidiary,Mazda Motorsports,"merged company hierarchy (client, 7 Oct)",
MAZDA MOTOR CORPORATION - JP,subsidiary,Mazda Mx5cup,"merged company hierarchy (client, 7 Oct)",
MAZDA MOTOR CORPORATION - JP,subsidiary,Mazda Oman,"merged company hierarchy (client, 7 Oct)",
MAZDA MOTOR CORPORATION - JP,subsidiary,Mazda Parts,"merged company hierarchy (client, 7 Oct)",
MAZDA MOTOR CORPORATION - JP,subsidiary,Mazda Puerto Rico,"merged company hierarchy (client, 7 Oct)",
MAZDA MOTOR CORPORATION - JP,subsidiary,Mazda QATAR,"merged company hierarchy (client, 7 Oct)",
MAZDA MOTOR CORPORATION - JP,subsidiary,"Mazda Sales Co., Ltd.","merged company hierarchy (client, 7 Oct)",
MAZDA MOTOR CORPORATION - JP,subsidiary,Mazda Schweinberger & Co,"merged company hierarchy (client, 7 Oct)",
MAZDA MOTOR CORPORATION - JP,subsidiary,Mazda UAE,"merged company hierarchy (client, 7 Oct)",
MAZDA MOTOR CORPORATION - JP,subsidiary,Mazda USA,"merged company hierarchy (client, 7 Oct)",
MAZDA MOTOR CORPORATION - JP,subsidiary,Mazdaelsalvador,"merged company hierarchy (client, 7 Oct)",
MAZDA MOTOR CORPORATION - JP,subsidiary,Mazdahonduras,"merged company hierarchy (client, 7 Oct)",
MAZDA MOTOR CORPORATION - JP,subsidiary,Mazdaja,"merged company hierarchy (client, 7 Oct)",
MAZDA MOTOR CORPORATION - JP,subsidiary,Mazdamotors,"merged company hierarchy (client, 7 Oct)",
MAZDA MOTOR CORPORATION - JP,subsidiary,Shizuoka Mazda,"merged company hierarchy (client, 7 Oct)",
MILITARY BANK - VN,parent,"Ministry of National Defence, Vietnam","parent-company mapping (client, 7 Oct)",State-owned commercial joint-stock bank managed under the Vietnamese Ministry of Defence.
MINISTRY OF DEFENSE - TH,subsidiary,Defence Technology Institute,"merged company hierarchy (client, 7 Oct)",
MINISTRY OF DEFENSE - TH,subsidiary,Navy,"merged company hierarchy (client, 7 Oct)",
MINISTRY OF HOME AFFAIRS - SG,subsidiary,HTX (Home Team Science & Technology Agency),"merged company hierarchy (client, 7 Oct)",
MITRA ADHI PERKASA - ID,subsidiary,Digimap,"merged company hierarchy (client, 7 Oct)",
MITRA ADHI PERKASA - ID,subsidiary,MAP Active,"merged company hierarchy (client, 7 Oct)",
MITRA ADHI PERKASA - ID,subsidiary,Map Corporate Gifts,"merged company hierarchy (client, 7 Oct)",
"MITSUBISHI UFJ FINANCIAL GROUP, INC. - JP",no_parent,,"parent-company mapping (client, 7 Oct)",Top-level Japanese financial holding company.
NEW ZEALAND POLICE - NZ,subsidiary,Police Credit Union,"merged company hierarchy (client, 7 Oct)",
NEW ZEALAND POLICE - NZ,subsidiary,Policeassn,"merged company hierarchy (client, 7 Oct)",
"NIPPON EXPRESS CO., LTD. - JP",subsidiary,Nippon Express CO.,"merged company hierarchy (client, 7 Oct)",
ORICA AUSTRALIA - AU,subsidiary,Orica,"merged company hierarchy (client, 7 Oct)",
ORICA AUSTRALIA - AU,subsidiary,Orica Limited,"merged company hierarchy (client, 7 Oct)",
ORICA AUSTRALIA - AU,subsidiary,RST Instruments Ltd.,"merged company hierarchy (client, 7 Oct)",
PHILIPPINE NATIONAL POLICE - PH,subsidiary,Philippine National Police Academy,"merged company hierarchy (client, 7 Oct)",
PHILIPPINE NATIONAL POLICE - PH,subsidiary,Pnp Itms,"merged company hierarchy (client, 7 Oct)",
PIONEER CORPORATION - JP,parent,CarUX,"merged company hierarchy (client, 7 Oct)",
PIONEER CORPORATION - JP,subsidiary,Pioneer,"merged company hierarchy (client, 7 Oct)",
"RICOH COMPANY,LTD. - JP",subsidiary,Avantage IT,"merged company hierarchy (client, 7 Oct)",
"RICOH COMPANY,LTD. - JP",subsidiary,Axon Ivy · Intelligent Process Orchestration,"merged company hierarchy (client, 7 Oct)",
"RICOH COMPANY,LTD. - JP",subsidiary,Cenero,"merged company hierarchy (client, 7 Oct)",
"RICOH COMPANY,LTD. - JP",subsidiary,Datavision Deutschland GmbH,"merged company hierarchy (client, 7 Oct)",
"RICOH COMPANY,LTD. - JP",subsidiary,DocuWare,"merged company hierarchy (client, 7 Oct)",
"RICOH COMPANY,LTD. - JP",subsidiary,ET Group,"merged company hierarchy (client, 7 Oct)",
"RICOH COMPANY,LTD. - JP",subsidiary,Impromat,"merged company hierarchy (client, 7 Oct)",
"RICOH COMPANY,LTD. - JP",subsidiary,MakeLeaps,"merged company hierarchy (client, 7 Oct)",
"RICOH COMPANY,LTD. - JP",subsidiary,MTI,"merged company hierarchy (client, 7 Oct)",
"RICOH COMPANY,LTD. - JP",subsidiary,PENTAX RICOH IMAGING AMERICAS CORPORATION,"merged company hierarchy (client, 7 Oct)",
"RICOH COMPANY,LTD. - JP",subsidiary,PFH Technology Group,"merged company hierarchy (client, 7 Oct)",
"RICOH COMPANY,LTD. - JP",subsidiary,Presentation Products Inc.,"merged company hierarchy (client, 7 Oct)",
"RICOH COMPANY,LTD. - JP",subsidiary,"Pure AV, A Ricoh Company","merged company hierarchy (client, 7 Oct)",
"RICOH COMPANY,LTD. - JP",subsidiary,Quadient,"merged company hierarchy (client, 7 Oct)",
"RICOH COMPANY,LTD. - JP",subsidiary,RICOH DTG,"merged company hierarchy (client, 7 Oct)",
"RICOH COMPANY,LTD. - JP",subsidiary,Ricoh IT Services,"merged company hierarchy (client, 7 Oct)",
"RICOH COMPANY,LTD. - JP",subsidiary,Ricoh Italia | Cloud & Cybersecurity,"merged company hierarchy (client, 7 Oct)",
"RICOH COMPANY,LTD. - JP",subsidiary,Ricoh | AVC,"merged company hierarchy (client, 7 Oct)",
"RICOH COMPANY,LTD. - JP",subsidiary,Simplicity Sp. z o.o.,"merged company hierarchy (client, 7 Oct)",
"RICOH COMPANY,LTD. - JP",subsidiary,Videocorp a Ricoh Company,"merged company hierarchy (client, 7 Oct)",
SEATRIUM LIMITED - SG,parent,Temasek Holdings,"parent-company mapping (client, 7 Oct)",Formed from the merger of Sembcorp Marine and Keppel Offshore & Marine. Temasek Holdings is the largest shareholder.
SECOM GROUP - JP,subsidiary,Jrsecom,"merged company hierarchy (client, 7 Oct)",
SECOM GROUP - JP,subsidiary,Pasco Corporation,"merged company hierarchy (client, 7 Oct)",
SECOM GROUP - JP,subsidiary,Secom Alpha,"merged company hierarchy (client, 7 Oct)",
SECOM GROUP - JP,subsidiary,Secom Hoken,"merged company hierarchy (client, 7 Oct)",
SECOM GROUP - JP,subsidiary,Secom Hokuriku,"merged company hierarchy (client, 7 Oct)",
SECOM GROUP - JP,subsidiary,"Secom Joshinetsu Co., Ltd.","merged company hierarchy (client, 7 Oct)",
SECOM GROUP - JP,subsidiary,Secom Kochi,"merged company hierarchy (client, 7 Oct)",
SECOM GROUP - JP,subsidiary,Secom Kogyo,"merged company hierarchy (client, 7 Oct)",
SECOM GROUP - JP,subsidiary,Secom Mie,"merged company hierarchy (client, 7 Oct)",
SECOM GROUP - JP,subsidiary,Secom Miyazaki,"merged company hierarchy (client, 7 Oct)",
SECOM GROUP - JP,subsidiary,SECOM Plc,"merged company hierarchy (client, 7 Oct)",
SECOM GROUP - JP,subsidiary,Secom Sanin,"merged company hierarchy (client, 7 Oct)",
SECOM GROUP - JP,subsidiary,Secom Smart Malaysia,"merged company hierarchy (client, 7 Oct)",
SECOM GROUP - JP,subsidiary,Secom Sonpo,"merged company hierarchy (client, 7 Oct)",
SECOM GROUP - JP,subsidiary,Secom Tep,"merged company hierarchy (client, 7 Oct)",
SECOM GROUP - JP,subsidiary,Secom Yamanashi,"merged company hierarchy (client, 7 Oct)",
SECOM GROUP - JP,subsidiary,Secomjas J,"merged company hierarchy (client, 7 Oct)",
SEIKO EPSON CORPORATION - JP,parent,Seiko Group,"merged company hierarchy (client, 7 Oct)",
SEIKO EPSON CORPORATION - JP,subsidiary,Epson Australia,"merged company hierarchy (client, 7 Oct)",
SEIKO EPSON CORPORATION - JP,subsidiary,Epson Como Printing Technologies srl,"merged company hierarchy (client, 7 Oct)",
"SHISEIDO COMPANY, LIMITED - JP",no_parent,,"parent-company mapping (client, 7 Oct)","Independent, top-level publicly listed corporation (client named Shiseido Company, Limited itself)."
"SUMITOMO MITSUI FINANCIAL GROUP, INC. - JP",no_parent,,"parent-company mapping (client, 7 Oct)",Independent Japanese financial holding company.
"SUMITOMO MITSUI FINANCIAL GROUP, INC. - JP",subsidiary,Fullerton India Credit Company Ltd.,"merged company hierarchy (client, 7 Oct)",
SUZUKI MOTOR CORPORATION - JP,subsidiary,Maruti Suzuki India Limited,"merged company hierarchy (client, 7 Oct)",
SUZUKI MOTOR CORPORATION - JP,subsidiary,MySuzuki,"merged company hierarchy (client, 7 Oct)",
SUZUKI MOTOR CORPORATION - JP,subsidiary,Suzuki,"merged company hierarchy (client, 7 Oct)",
SUZUKI MOTOR CORPORATION - JP,subsidiary,Suzuki Belgium NV,"merged company hierarchy (client, 7 Oct)",
SUZUKI MOTOR CORPORATION - JP,subsidiary,Suzuki Finance,"merged company hierarchy (client, 7 Oct)",
SUZUKI MOTOR CORPORATION - JP,subsidiary,Suzuki GB & Ireland PLC,"merged company hierarchy (client, 7 Oct)",
SUZUKI MOTOR CORPORATION - JP,subsidiary,Suzuki Global,"merged company hierarchy (client, 7 Oct)",
SUZUKI MOTOR CORPORATION - JP,subsidiary,Suzuki Global Ventures,"merged company hierarchy (client, 7 Oct)",
SUZUKI MOTOR CORPORATION - JP,subsidiary,Suzuki Indonesia,"merged company hierarchy (client, 7 Oct)",
SUZUKI MOTOR CORPORATION - JP,subsidiary,Suzuki Manzanillo,"merged company hierarchy (client, 7 Oct)",
SUZUKI MOTOR CORPORATION - JP,subsidiary,Suzuki Motorcycle India Pvt Ltd,"merged company hierarchy (client, 7 Oct)",
SUZUKI MOTOR CORPORATION - JP,subsidiary,Suzuki New Zealand Limited,"merged company hierarchy (client, 7 Oct)",
SUZUKI MOTOR CORPORATION - JP,subsidiary,Suzuki Philippines Inc.,"merged company hierarchy (client, 7 Oct)",
SUZUKI MOTOR CORPORATION - JP,subsidiary,Suzuki Zimbabwe,"merged company hierarchy (client, 7 Oct)",
SUZUKI MOTOR CORPORATION - JP,subsidiary,suzuki-tech,"merged company hierarchy (client, 7 Oct)",
SUZUKI MOTOR CORPORATION - JP,subsidiary,Suzukibilar,"merged company hierarchy (client, 7 Oct)",
SUZUKI MOTOR CORPORATION - JP,subsidiary,Suzukicuautla,"merged company hierarchy (client, 7 Oct)",
SUZUKI MOTOR CORPORATION - JP,subsidiary,Suzukimorelia,"merged company hierarchy (client, 7 Oct)",
SUZUKI MOTOR CORPORATION - JP,subsidiary,Suzukimy,"merged company hierarchy (client, 7 Oct)",
SUZUKI MOTOR CORPORATION - JP,subsidiary,Suzukipolanco,"merged company hierarchy (client, 7 Oct)",
TE WHATU ORA HEALTH NEW ZEALAND - NZ,subsidiary,Auckland DHB,"merged company hierarchy (client, 7 Oct)",
TE WHATU ORA HEALTH NEW ZEALAND - NZ,subsidiary,Bay Of Plenty District Health Board,"merged company hierarchy (client, 7 Oct)",
TE WHATU ORA HEALTH NEW ZEALAND - NZ,subsidiary,Canterbury DHB,"merged company hierarchy (client, 7 Oct)",
TE WHATU ORA HEALTH NEW ZEALAND - NZ,subsidiary,Capital & Coast District Health Board,"merged company hierarchy (client, 7 Oct)",
TE WHATU ORA HEALTH NEW ZEALAND - NZ,subsidiary,Enable,"merged company hierarchy (client, 7 Oct)",
TE WHATU ORA HEALTH NEW ZEALAND - NZ,subsidiary,Waikato DHB,"merged company hierarchy (client, 7 Oct)",
THE BANK OF TOKYO-MITSUBISHI LIMITED (BANGKOK BRANCH) - TH,parent,"MUFG Bank, Ltd. / Mitsubishi UFJ Financial Group (JP)","parent-company mapping (client, 7 Oct)",Overseas branch belonging to MUFG Bank.
UNITED OVERSEAS BANK LIMITED (UOB) - SG,subsidiary,United Overseas Bank,"merged company hierarchy (client, 7 Oct)",
UNITED OVERSEAS BANK LIMITED (UOB) - SG,subsidiary,UOB Kay Hian Private Limited,"merged company hierarchy (client, 7 Oct)",
VIETTEL CORPORATION - VN,parent,"Ministry of National Defence, Vietnam","parent-company mapping (client, 7 Oct)",Vietnam state-owned telecommunications group under the Ministry of National Defence.
"YAMAHA MOTOR CO., LTD. - JP",parent,Yamaha Corporation,"merged company hierarchy (client, 7 Oct)",
"YAMAHA MOTOR CO., LTD. - JP",subsidiary,Bennett Marine - Trim Tabs,"merged company hierarchy (client, 7 Oct)",
"YAMAHA MOTOR CO., LTD. - JP",subsidiary,Fort George Island Marina,"merged company hierarchy (client, 7 Oct)",
"YAMAHA MOTOR CO., LTD. - JP",subsidiary,"Kracor, a division of Yamaha Marine Systems Company, Inc.","merged company hierarchy (client, 7 Oct)",
"YAMAHA MOTOR CO., LTD. - JP",subsidiary,Robotics Plus,"merged company hierarchy (client, 7 Oct)",
"YAMAHA MOTOR CO., LTD. - JP",subsidiary,"Siren Marine, Inc.","merged company hierarchy (client, 7 Oct)",
"YAMAHA MOTOR CO., LTD. - JP",subsidiary,Subaru Industrial Power Products,"merged company hierarchy (client, 7 Oct)",
"YAMAHA MOTOR CO., LTD. - JP",subsidiary,Telwater,"merged company hierarchy (client, 7 Oct)",
"YAMAHA MOTOR CO., LTD. - JP",subsidiary,Torqeedo,"merged company hierarchy (client, 7 Oct)",
"YAMAHA MOTOR CO., LTD. - JP",subsidiary,Yamaha Golf Car,"merged company hierarchy (client, 7 Oct)",
YAYASAN BINA NUSANTARA - ID,parent,BINUS Group,"merged company hierarchy (client, 7 Oct)",
YAYASAN BINA NUSANTARA - ID,subsidiary,BINUS,"merged company hierarchy (client, 7 Oct)",
YAYASAN BINA NUSANTARA - ID,subsidiary,Binus Center,"merged company hierarchy (client, 7 Oct)",
YAYASAN BINA NUSANTARA - ID,subsidiary,BINUS SCHOOL Simprug: Leading International,"merged company hierarchy (client, 7 Oct)",
